,AUD,BGN,BRL,CAD,CHF,CNY,CZK,DKK,GBP,HKD,HUF,IDR,ILS,INR,ISK,JPY,KRW,MXN,MYR,NOK,NZD,PHP,PLN,RON,SEK,SGD,THB,TRY,USD,ZAR
2024-07-26,1.6559,1.9558,6.117,1.5009,0.9594,7.875,25.37,7.4626,0.84378,8.4782,390.95,17694.0,3.9788,90.95,149.7,167.84,1505.15,19.9254,5.058,11.937,1.8427,63.377,4.274,4.9718,11.7325,1.4594,39.112,35.798,1.086,19.8121
2024-07-29,1.6534,1.9558,6.1165,1.4976,0.9578,7.8518,25.371,7.4625,0.84345,8.449,392.5,17610.0,4.0321,90.57,149.9,166.44,1496.41,19.942,5.018,11.9155,1.8418,63.343,4.2938,4.9725,11.7265,1.454,38.914,35.71,1.0817,19.9041
2024-07-30,1.656,1.9558,6.0843,1.4996,0.9592,7.8489,25.429,7.4619,0.8426,8.4558,394.5,17682.0,4.044,90.62,149.5,167.61,1498.59,20.153,5.0034,11.8885,1.8386,63.502,4.2838,4.9766,11.686,1.4554,38.961,35.82,1.0824,19.8815
2024-07-31,1.6635,1.9558,6.0874,1.4977,0.9533,7.8194,25.457,7.4621,0.8438,8.4589,395.78,17634.0,4.0822,90.62,149.9,162.76,1485.96,20.332,4.9749,11.8175,1.8289,63.218,4.2908,4.9749,11.6125,1.4491,38.629,35.908,1.0828,19.74
2024-08-01,1.6501,1.9558,6.112,1.4912,0.9467,7.8203,25.454,7.4613,0.84328,8.432,395.55,17549.0,4.0855,90.35,149.9,162.66,1474.13,19.9936,4.9295,11.7465,1.814,62.912,4.2958,4.9756,11.522,1.4437,38.409,35.706,1.0789,19.6134
2024-08-02,1.6629,1.9558,6.257,1.5035,0.9433,7.8075,25.271,7.4621,0.85,8.4625,396.73,17563.0,4.1211,90.73,150.5,161.37,1479.77,20.58,4.873,11.929,1.8196,62.885,4.289,4.9756,11.5843,1.4424,38.296,35.942,1.0835,19.7048
2024-08-05,1.7008,1.9558,6.3759,1.5188,0.9304,7.8046,25.314,7.4607,0.85878,8.5335,398.45,17755.0,4.2013,92.28,150.5,155.98,1495.97,21.641,4.8525,12.1108,1.8461,63.303,4.3128,4.9768,11.534,1.4475,38.732,36.585,1.0966,20.371
2024-08-06,1.6837,1.9558,6.2028,1.5097,0.9325,7.8071,25.286,7.4628,0.85998,8.5055,397.38,17653.0,4.1979,91.59,150.7,158.29,1504.09,21.087,4.8834,12.0005,1.8423,63.049,4.3105,4.9772,11.559,1.4485,38.797,36.647,1.0915,20.162
2024-08-07,1.6643,1.9558,6.136,1.501,0.9409,7.8425,25.27,7.4627,0.85808,8.5162,398.2,17539.0,4.1367,91.7,150.9,160.62,1501.94,21.069,4.9111,11.781,1.815,63.015,4.3173,4.9768,11.4235,1.4499,38.866,36.579,1.0922,20.034
2024-08-08,1.6677,1.9558,6.1544,1.5021,0.9368,7.8393,25.273,7.4619,0.86093,8.5168,396.1,17379.0,4.1511,91.76,151.1,159.74,1503.86,21.04,4.8912,11.8825,1.823,62.738,4.319,4.9767,11.4955,1.4474,38.577,36.613,1.093,20.099
2024-08-09,1.6609,1.9558,6.0477,1.5007,0.9435,7.828,25.234,7.4622,0.85708,8.514,395.2,17413.0,4.0722,91.66,151.1,160.33,1491.07,20.565,4.828,11.8295,1.8156,62.533,4.3253,4.9769,11.4955,1.4453,38.45,36.628,1.0917,20.017
2024-08-12,1.656,1.9558,5.9998,1.4998,0.9491,7.8439,25.178,7.4628,0.85554,8.5157,393.25,17444.0,4.1171,91.74,151.1,161.25,1497.58,20.566,4.8682,11.7745,1.811,62.611,4.3058,4.9767,11.4935,1.4474,38.527,36.629,1.0925,19.9047
2024-08-13,1.6572,1.9558,6.0061,1.5014,0.948,7.8301,25.203,7.4621,0.85458,8.5143,393.53,17318.0,4.0855,91.76,151.1,161.17,1498.93,20.724,4.8648,11.797,1.8089,62.322,4.289,4.9757,11.506,1.4454,38.384,36.679,1.0931,19.8621
2024-08-14,1.6643,1.9558,6.0024,1.5115,0.9515,7.8627,25.197,7.462,0.85783,8.5824,394.45,17195.0,4.1127,92.5,152.1,161.98,1493.74,20.878,4.8704,11.7665,1.8324,62.761,4.2975,4.9763,11.4843,1.4494,38.429,36.966,1.1019,19.9267
2024-08-15,1.6609,1.9558,6.0262,1.509,0.9541,7.8816,25.2,7.4619,0.85615,8.58,394.58,17290.0,4.077,92.44,152.1,162.14,1495.28,20.748,4.8834,11.7455,1.832,62.744,4.2815,4.9764,11.5135,1.4505,38.483,37.015,1.1011,19.8284
2024-08-16,1.6577,1.9558,6.0112,1.5095,0.954,7.8758,25.239,7.4616,0.85128,8.5705,395.73,17259.0,4.0359,92.28,152.9,162.72,1490.58,20.546,4.872,11.8185,1.824,62.843,4.2703,4.9758,11.5435,1.4497,38.408,37.045,1.0994,19.6993
2024-08-19,1.6486,1.9558,6.0215,1.5098,0.9543,7.8848,25.181,7.4616,0.85243,8.604,393.08,17212.0,4.0907,92.61,151.9,161.22,1476.07,20.659,4.8376,11.7345,1.817,62.578,4.2688,4.9773,11.4871,1.4464,38.053,37.242,1.1041,19.6951
2024-08-20,1.6454,1.9558,6.0376,1.5085,0.9527,7.9192,25.158,7.4623,0.85194,8.6345,393.85,17126.0,4.1073,92.84,152.1,162.18,1478.34,20.844,4.852,11.6825,1.8042,62.559,4.2643,4.9768,11.3825,1.4493,37.885,37.49,1.1084,19.7295
2024-08-21,1.6495,1.9558,6.0844,1.5117,0.9503,7.9306,25.11,7.4615,0.85303,8.6634,392.35,17247.0,4.1395,93.26,152.7,162.26,1485.55,21.128,4.8688,11.683,1.8109,62.817,4.2858,4.977,11.378,1.4529,38.095,37.687,1.1116,19.8257
2024-08-22,1.655,1.9558,6.1538,1.513,0.949,7.9491,25.092,7.4619,0.84943,8.6814,394.1,17405.0,4.1455,93.48,152.3,162.64,1490.74,21.618,4.8749,11.7685,1.8107,62.723,4.2815,4.9764,11.392,1.4568,38.332,37.786,1.1135,20.024
2024-08-23,1.6518,1.9558,6.1902,1.5106,0.9476,7.9364,25.078,7.4615,0.84733,8.6728,393.75,17303.0,4.1184,93.31,152.3,162.37,1486.86,21.531,4.8654,11.802,1.8061,62.734,4.2775,4.9763,11.4355,1.4551,38.067,37.818,1.1121,19.9591
2024-08-26,1.6496,1.9558,6.1332,1.5076,0.946,7.9512,25.034,7.461,0.84645,8.7023,395.23,17237.0,4.0966,93.66,153.1,160.94,1481.16,21.409,4.8531,11.7785,1.8008,62.524,4.2815,4.9756,11.403,1.4546,37.926,37.974,1.1163,19.8317
2024-08-27,1.6461,1.9558,6.1186,1.5041,0.944,7.9547,25.034,7.4609,0.84438,8.7073,393.13,17349.0,4.1135,93.67,153.1,161.24,1485.86,21.687,4.8527,11.723,1.7912,62.842,4.2783,4.9771,11.3758,1.4552,38.029,37.988,1.1162,19.7883
2024-08-28,1.6407,1.9558,6.1498,1.4982,0.9375,7.9253,25.053,7.4593,0.84163,8.6711,393.4,17150.0,4.0759,93.36,153.1,160.57,1485.05,21.882,4.8281,11.712,1.7823,62.544,4.3003,4.9773,11.335,1.4493,37.848,37.839,1.1117,19.7851
2024-08-29,1.6274,1.9558,6.1892,1.4927,0.9364,7.8653,25.043,7.4588,0.84175,8.6422,392.73,17083.0,4.0671,93.02,152.9,160.36,1474.34,21.858,4.78,11.641,1.768,62.279,4.2898,4.9774,11.3455,1.4432,37.649,37.794,1.1088,19.6351
2024-08-30,1.6301,1.9558,6.2155,1.4941,0.9416,7.8585,25.031,7.4589,0.8412,8.6455,392.53,17180.0,4.0245,92.95,152.9,161.19,1478.6,21.758,4.7901,11.662,1.7709,62.309,4.2763,4.9768,11.3355,1.4441,37.541,37.765,1.1087,19.5358
2024-09-02,1.6322,1.9558,6.2185,1.4932,0.9415,7.8677,25.045,7.4587,0.84218,8.6239,392.55,17190.0,4.0415,92.81,153.1,162.56,1481.32,21.762,4.8171,11.73,1.7767,62.513,4.275,4.9753,11.351,1.4464,37.834,37.581,1.1061,19.8166
2024-09-03,1.6394,1.9558,6.2056,1.4951,0.9409,7.8614,25.071,7.4595,0.84085,8.605,393.38,17171.0,4.0623,92.67,153.5,161.26,1481.23,21.878,4.8195,11.766,1.7839,62.427,4.2783,4.9735,11.372,1.4453,37.833,37.495,1.1035,19.8345
2024-09-04,1.645,1.9558,6.2523,1.498,0.9396,7.8648,25.086,7.4605,0.84248,8.6174,393.23,17126.0,4.1074,92.8,153.5,160.26,1481.5,21.964,4.8101,11.805,1.7861,62.502,4.2788,4.9726,11.411,1.444,37.785,37.623,1.105,19.7997
2024-09-05,1.6498,1.9558,6.2481,1.4996,0.939,7.8739,25.027,7.4611,0.84318,8.6493,392.3,17110.0,4.1011,93.2,153.5,159.2,1481.54,22.279,4.8136,11.7895,1.7874,62.231,4.2683,4.9708,11.3995,1.4444,37.303,37.719,1.1097,19.736
2024-09-06,1.6503,1.9558,6.1855,1.4984,0.9365,7.865,25.034,7.462,0.84293,8.6526,394.75,17114.0,4.116,93.21,153.3,158.93,1477.3,22.151,4.8082,11.8015,1.7858,62.118,4.28,4.9735,11.3698,1.4428,37.228,37.739,1.1103,19.6875
2024-09-09,1.6596,1.9558,6.2,1.4979,0.9376,7.8589,25.051,7.4616,0.84365,8.6101,395.95,17083.0,4.1425,92.71,152.3,158.53,1485.48,21.988,4.8274,11.9405,1.8004,62.354,4.278,4.9743,11.455,1.4428,37.474,37.599,1.1043,19.7659
2024-09-10,1.6551,1.9558,6.153,1.4973,0.9349,7.853,25.058,7.4623,0.84265,8.6004,397.38,17047.0,4.1539,92.63,152.3,157.81,1480.59,21.953,4.7902,11.902,1.7921,62.216,4.2833,4.9745,11.4355,1.4397,37.235,37.571,1.1031,19.7464
2024-09-11,1.656,1.9558,6.2245,1.4997,0.9358,7.8534,25.088,7.4624,0.84375,8.6106,396.2,17020.0,4.1538,92.74,152.7,156.6,1478.5,21.995,4.7816,11.937,1.7966,61.706,4.2873,4.9742,11.435,1.4385,37.198,37.557,1.1043,19.7394
2024-09-12,1.6497,1.9558,6.2309,1.4964,0.9414,7.8441,25.122,7.462,0.8446,8.5945,395.88,17007.0,4.1344,92.49,152.3,157.02,1477.3,21.746,4.7746,11.934,1.796,61.852,4.2978,4.974,11.414,1.438,37.146,37.402,1.1016,19.7713
2024-09-13,1.6542,1.9558,6.2147,1.5061,0.9387,7.8634,25.147,7.4627,0.84475,8.6411,395.33,17072.0,4.1105,92.99,152.3,156.17,1474.21,21.564,4.7665,11.8495,1.7973,62.041,4.2898,4.9738,11.3635,1.4404,36.988,37.615,1.1081,19.7185
2024-09-16,1.6492,1.9558,6.1772,1.5109,0.9394,7.8953,25.128,7.4621,0.84278,8.6723,393.83,17096.0,4.1641,93.3,152.5,155.66,1467.42,21.403,4.7858,11.78,1.7958,62.094,4.2708,4.9744,11.3195,1.4407,36.983,37.804,1.1126,19.6277
2024-09-17,1.6472,1.9558,6.1236,1.5134,0.9405,7.9046,25.125,7.4621,0.84278,8.6796,394.68,17083.0,4.1808,93.3,152.3,156.71,1467.66,21.529,4.7441,11.7885,1.7965,61.966,4.2683,4.9738,11.3245,1.4407,37.104,37.914,1.1139,19.6418
2024-09-18,1.64,1.9558,6.0942,1.5117,0.9388,7.8797,25.07,7.4613,0.84225,8.6692,394.25,17032.0,4.1916,93.13,152.3,157.94,1473.65,21.24,4.721,11.7753,1.7877,61.988,4.27,4.9749,11.324,1.4395,37.015,37.943,1.1124,19.5531
2024-09-19,1.6352,1.9558,6.024,1.511,0.946,7.8827,25.081,7.4592,0.83953,8.6952,394.55,16924.0,4.1899,93.32,152.5,159.53,1481.57,21.391,4.6967,11.6678,1.7845,61.949,4.2658,4.9744,11.3175,1.4415,36.965,37.958,1.1156,19.4454
2024-09-20,1.6388,1.9558,6.057,1.5148,0.9486,7.8776,25.078,7.459,0.8391,8.7022,393.68,16930.0,4.2077,93.27,152.3,161.08,1491.51,21.609,4.6953,11.733,1.7919,62.15,4.2763,4.9745,11.381,1.4426,36.887,38.086,1.1166,19.5684
2024-09-23,1.6274,1.9558,6.1976,1.5065,0.9448,7.8438,25.098,7.4581,0.83518,8.6576,394.68,16886.0,4.201,92.9,151.7,159.58,1486.62,21.592,4.6733,11.686,1.777,62.3,4.275,4.9742,11.362,1.4357,36.654,37.974,1.1119,19.3253
2024-09-24,1.6237,1.9558,6.137,1.5033,0.9439,7.829,25.155,7.4571,0.8322,8.6668,394.7,16896.0,4.1947,93.15,151.7,160.14,1485.87,21.575,4.6246,11.612,1.7707,62.601,4.2665,4.9756,11.2935,1.4341,36.569,38.006,1.1133,19.2869
2024-09-25,1.6276,1.9558,6.1104,1.5044,0.9495,7.8692,25.123,7.4575,0.83653,8.716,395.03,16923.0,4.205,93.58,150.5,161.49,1489.46,21.743,4.6242,11.684,1.7725,62.609,4.2643,4.976,11.311,1.4378,36.599,38.209,1.1194,19.1932
2024-09-26,1.6217,1.9558,6.0372,1.5025,0.9452,7.8213,25.159,7.4572,0.83428,8.6773,395.95,16879.0,4.1132,93.3,150.5,160.78,1478.62,21.83,4.6237,11.7865,1.7691,62.423,4.271,4.9759,11.3,1.4328,36.215,38.102,1.1155,19.238
2024-09-27,1.618,1.9558,6.0668,1.5036,0.942,7.823,25.158,7.457,0.83338,8.6737,396.95,16859.0,4.1296,93.38,150.7,159.63,1462.76,21.837,4.6027,11.7575,1.7649,62.591,4.2738,4.9764,11.273,1.4305,36.135,38.134,1.1158,19.1092
2024-09-30,1.6166,1.9558,6.0504,1.5133,0.9439,7.8511,25.184,7.456,0.83543,8.6933,396.88,16976.0,4.1491,93.81,150.7,159.82,1469.11,21.984,4.6167,11.7645,1.7616,62.74,4.2788,4.9753,11.3,1.4342,36.107,38.269,1.1196,19.2258
2024-10-01,1.604,1.9558,6.0377,1.4986,0.9394,7.7807,25.272,7.4578,0.83193,8.6181,397.83,16848.0,4.1262,92.93,149.9,159.37,1463.99,21.844,4.6168,11.7305,1.7548,62.287,4.2853,4.9759,11.3145,1.4268,36.124,37.918,1.1086,19.1585
2024-10-02,1.6048,1.9558,5.9961,1.4932,0.9388,7.7702,25.316,7.4593,0.83288,8.5947,399.53,16914.0,4.1917,92.98,149.9,160.26,1462.53,21.608,4.6205,11.6735,1.7614,62.186,4.295,4.9763,11.3495,1.4266,36.296,37.893,1.1071,19.2605
2024-10-03,1.6124,1.9558,6.0304,1.4945,0.9387,7.7477,25.357,7.4595,0.84258,8.5734,401.43,17075.0,4.1859,92.72,149.3,161.98,1472.89,21.539,4.6601,11.7195,1.7749,62.315,4.3058,4.9766,11.361,1.4315,36.567,37.704,1.1039,19.3017
2024-10-04,1.6121,1.9558,6.057,1.4952,0.9394,7.7407,25.347,7.4579,0.83735,8.5629,401.33,17165.0,4.2022,92.61,149.1,161.69,1478.24,21.269,4.6542,11.6845,1.7779,62.126,4.3145,4.9769,11.3375,1.4314,36.484,37.776,1.1029,19.2809
2024-10-07,1.6155,1.9558,5.972,1.4914,0.9388,7.7077,25.346,7.4572,0.83918,8.5291,402.08,17260.0,4.1583,92.25,148.5,162.63,1476.12,21.223,4.7036,11.656,1.7847,62.519,4.3215,4.9778,11.366,1.4304,36.669,37.617,1.0982,19.0978
2024-10-08,1.6293,1.9558,6.0528,1.4981,0.941,7.7449,25.313,7.4579,0.83778,8.537,400.55,17183.0,4.1473,92.21,148.5,162.49,1478.22,21.138,4.7074,11.687,1.7933,62.392,4.3083,4.9773,11.349,1.4307,36.724,37.638,1.0982,19.1784
2024-10-09,1.6283,1.9558,6.0743,1.4985,0.9397,7.7435,25.348,7.4586,0.8374,8.5176,399.9,17130.0,4.1205,92.0,148.7,162.97,1473.03,21.192,4.6923,11.786,1.8038,62.41,4.2978,4.9759,11.362,1.4294,36.651,37.524,1.0957,19.3282
2024-10-10,1.6276,1.9558,6.1061,1.5031,0.9393,7.7376,25.317,7.4592,0.83686,8.496,400.4,17166.0,4.1238,91.8,148.5,162.85,1477.51,21.279,4.6915,11.792,1.7998,62.762,4.3048,4.9756,11.3655,1.43,36.721,37.402,1.0932,19.2391
2024-10-11,1.6233,1.9558,6.0886,1.5063,0.9378,7.7282,25.293,7.461,0.83705,8.5001,400.85,17043.0,4.1103,91.96,149.1,162.94,1477.64,21.236,4.6897,11.7393,1.7941,62.613,4.2898,4.9749,11.354,1.4283,36.445,37.498,1.0938,19.1041
2024-10-14,1.6248,1.9558,6.1443,1.5047,0.9409,7.7332,25.263,7.4613,0.83665,8.4718,400.78,17020.0,4.1029,91.73,149.3,163.39,1484.03,21.035,4.688,11.7465,1.7948,62.767,4.2893,4.9743,11.3735,1.4277,36.303,37.412,1.0915,19.1618
2024-10-15,1.6236,1.9558,6.0949,1.5063,0.9401,7.7574,25.242,7.461,0.83355,8.469,400.48,16927.0,4.0905,91.62,149.3,162.85,1482.73,21.21,4.6986,11.766,1.7902,63.068,4.2938,4.9758,11.301,1.4271,36.345,37.352,1.0903,19.1651
2024-10-16,1.6291,1.9558,6.1432,1.5013,0.9397,7.7511,25.296,7.461,0.83605,8.4676,401.0,16919.0,4.1013,91.55,149.5,162.57,1483.1,21.479,4.6803,11.8015,1.7924,62.947,4.3,4.9761,11.346,1.4264,36.102,37.279,1.0897,19.1283
2024-10-17,1.6228,1.9558,6.1749,1.4975,0.938,7.7385,25.256,7.4605,0.83455,8.4477,399.73,16853.0,4.0823,91.32,149.1,162.5,1488.83,21.714,4.6832,11.8735,1.7903,62.854,4.3113,4.9738,11.418,1.4261,36.051,37.117,1.0866,19.2606
2024-10-18,1.6165,1.9558,6.1328,1.496,0.9401,7.7065,25.229,7.4576,0.83165,8.427,400.05,16804.0,4.0226,91.2,149.1,162.75,1488.05,21.408,4.6691,11.8115,1.7865,62.359,4.3085,4.9733,11.4205,1.4235,35.996,37.197,1.0847,19.0769
2024-10-21,1.623,1.9558,6.1953,1.4998,0.938,7.7198,25.268,7.4587,0.83315,8.4351,401.6,16817.0,4.0948,91.24,149.3,162.79,1495.73,21.654,4.6744,11.838,1.792,62.527,4.3175,4.9728,11.4275,1.4246,36.309,37.176,1.0853,19.1176
2024-10-22,1.6177,1.9558,6.1636,1.4964,0.9365,7.7052,25.252,7.4576,0.8334,8.411,400.03,16843.0,4.0871,90.97,149.3,163.22,1491.66,21.52,4.6833,11.823,1.787,62.58,4.317,4.9737,11.4005,1.4231,36.229,37.06,1.0821,19.0184
2024-10-23,1.6233,1.9558,6.1583,1.49,0.934,7.6759,25.235,7.4583,0.83148,8.3656,401.83,16873.0,4.0845,90.54,149.3,164.66,1491.54,21.612,4.6836,11.8525,1.7918,62.513,4.3433,4.9737,11.412,1.4237,36.355,36.925,1.0767,19.0355
2024-10-24,1.6234,1.9558,6.1487,1.4922,0.9349,7.6848,25.23,7.4598,0.8321,8.3926,402.93,16828.0,4.0804,90.8,148.7,164.12,1489.82,21.367,4.6963,11.8155,1.7914,62.521,4.3435,4.9728,11.419,1.4249,36.329,36.979,1.0801,19.09
2024-10-25,1.6311,1.9558,6.142,1.4989,0.9382,7.7123,25.25,7.4609,0.83358,8.411,404.68,16979.0,4.1062,91.03,149.1,164.45,1504.09,21.441,4.7024,11.8195,1.8025,63.118,4.3478,4.9733,11.4475,1.429,36.54,37.118,1.0825,19.0627
2024-10-28,1.6372,1.9558,6.155,1.503,0.9367,7.7099,25.348,7.4585,0.8329,8.4072,404.83,17016.0,4.0327,90.96,149.1,165.18,1496.45,21.622,4.7177,11.912,1.8059,62.969,4.35,4.9738,11.471,1.4302,36.538,37.101,1.0818,19.1877
2024-10-29,1.6423,1.9558,6.1613,1.4981,0.9369,7.6895,25.372,7.4588,0.8302,8.3716,405.23,16993.0,4.0298,90.57,148.7,165.66,1496.4,21.572,4.7172,11.8415,1.8076,62.857,4.348,4.9749,11.517,1.4287,36.4,36.949,1.0774,19.1063
2024-10-30,1.646,1.9558,6.2564,1.5072,0.9393,7.7054,25.377,7.4606,0.83425,8.405,408.38,16967.0,4.0214,90.94,148.5,165.91,1493.02,21.817,4.7359,11.8785,1.8099,63.01,4.3463,4.9747,11.566,1.4329,36.522,37.086,1.0815,19.1535
2024-10-31,1.6559,1.9558,6.2635,1.5134,0.9412,7.7436,25.327,7.4601,0.83753,8.4598,408.28,17106.0,4.0441,91.49,148.9,166.3,1500.05,21.809,4.7652,11.9385,1.822,63.364,4.3508,4.9749,11.6308,1.4377,36.754,37.268,1.0882,19.1869
2024-11-01,1.653,1.9558,6.2813,1.5144,0.9427,7.7403,25.33,7.4562,0.83998,8.466,407.75,17132.0,4.0681,91.5,149.1,165.54,1498.21,21.725,4.766,11.96,1.8164,63.525,4.3543,4.9745,11.6115,1.4392,36.873,37.376,1.0885,19.1111
2024-11-04,1.6516,1.9558,6.3344,1.5155,0.941,7.7363,25.288,7.4578,0.84063,8.4761,407.83,17191.0,4.0879,91.72,148.9,165.47,1497.97,21.919,4.7678,11.9465,1.8196,63.762,4.3423,4.975,11.6445,1.4356,36.736,37.453,1.0904,19.1248
2024-11-05,1.6452,1.9558,6.3039,1.5128,0.9402,7.7405,25.343,7.4586,0.8392,8.4687,409.25,17180.0,4.0828,91.66,148.9,165.93,1503.71,21.958,4.7353,11.96,1.8169,63.553,4.358,4.9756,11.6665,1.4351,36.652,37.429,1.0897,19.0277
2024-11-06,1.6301,1.9558,6.2127,1.4893,0.9368,7.6779,25.339,7.457,0.83223,8.3167,410.08,16977.0,4.0115,90.18,148.3,165.05,1500.9,22.076,4.7095,11.909,1.7997,62.949,4.3493,4.9755,11.6515,1.4281,36.705,36.636,1.0695,18.9842
2024-11-07,1.6196,1.9558,6.0988,1.496,0.9432,7.7159,25.262,7.4574,0.83185,8.3818,404.58,16889.0,4.0094,90.94,148.3,165.71,1495.78,21.39,4.7492,11.7485,1.7932,63.1,4.3253,4.9759,11.599,1.4258,36.798,36.932,1.0785,18.7328
2024-11-08,1.6259,1.9558,6.2034,1.4983,0.9393,7.7233,25.208,7.4573,0.83188,8.3745,406.68,16802.0,4.024,90.89,148.7,164.18,1495.41,21.535,4.7208,11.7735,1.797,62.85,4.3255,4.9748,11.59,1.4251,36.695,37.01,1.0772,18.8777
2024-11-11,1.6186,1.9558,6.1877,1.4848,0.9369,7.6719,25.339,7.4574,0.8268,8.2812,409.63,16750.0,3.9832,89.89,148.3,163.82,1489.97,21.856,4.6971,11.7865,1.7857,62.461,4.344,4.9749,11.592,1.4197,36.703,36.567,1.0651,19.0171
2024-11-12,1.6206,1.9558,6.1131,1.4799,0.9354,7.6781,25.39,7.4591,0.82835,8.2586,410.7,16770.0,3.982,89.59,147.9,163.71,1492.15,21.643,4.7139,11.7385,1.7848,62.273,4.3503,4.9763,11.542,1.4204,36.942,36.504,1.0617,19.1584
2024-11-13,1.6299,1.9558,6.1031,1.484,0.9379,7.6626,25.295,7.4598,0.83413,8.2682,408.7,16716.0,3.9774,89.69,147.9,164.71,1487.4,21.794,4.7278,11.7645,1.7941,62.327,4.3425,4.9764,11.5895,1.4214,36.861,36.522,1.0629,19.1406
2024-11-14,1.6285,1.9558,6.1122,1.4759,0.9369,7.6267,25.305,7.4593,0.83158,8.1975,407.05,16804.0,3.9374,88.96,146.3,164.24,1478.78,21.721,4.7193,11.759,1.7958,61.972,4.3383,4.9764,11.603,1.4175,36.887,36.197,1.0533,19.3136
2024-11-15,1.6345,1.9558,6.1335,1.4861,0.9389,7.6492,25.286,7.459,0.83455,8.2385,407.23,16810.0,3.9586,89.35,145.7,164.36,1476.23,21.57,4.7311,11.699,1.8015,62.162,4.32,4.9768,11.5905,1.4187,36.861,36.429,1.0583,19.2353
2024-11-18,1.6352,1.9558,6.103,1.4873,0.9364,7.6442,25.282,7.4591,0.8356,8.214,408.7,16733.0,3.9468,89.08,144.3,163.74,1474.49,21.502,4.7278,11.717,1.8062,61.929,4.3278,4.9765,11.6,1.4186,36.758,36.447,1.0552,19.0768
2024-11-19,1.6264,1.9558,6.1212,1.4833,0.9329,7.6578,25.284,7.4591,0.83638,8.2335,407.45,16760.0,3.9611,89.29,145.3,162.71,1472.84,21.496,4.7315,11.6595,1.7949,62.314,4.3303,4.9769,11.584,1.4163,36.521,36.556,1.0578,19.097
2024-11-20,1.6225,1.9558,6.0975,1.4767,0.9342,7.6528,25.286,7.4592,0.8338,8.2208,409.6,16790.0,3.9413,89.1,145.5,164.42,1474.4,21.304,4.7228,11.644,1.7947,62.282,4.3308,4.9765,11.605,1.4173,36.581,36.402,1.0562,19.1266
2024-11-21,1.6141,1.9558,6.1277,1.47,0.9294,7.6204,25.346,7.4588,0.83273,8.1921,410.5,16733.0,3.9291,88.92,145.9,162.53,1471.6,21.444,4.6999,11.62,1.7924,62.116,4.3418,4.977,11.607,1.4144,36.467,36.296,1.0526,19.0284
2024-11-22,1.6018,1.9558,6.0483,1.4561,0.9272,7.5458,25.358,7.4577,0.83205,8.1052,411.13,16570.0,3.8717,87.93,145.7,160.84,1464.43,21.274,4.6516,11.568,1.7824,61.368,4.3373,4.9767,11.553,1.4034,35.968,35.974,1.0412,18.7942
2024-11-25,1.6111,1.9558,6.0941,1.4648,0.9324,7.6018,25.295,7.4586,0.83465,8.1659,409.78,16652.0,3.8493,88.46,145.3,161.64,1469.87,21.33,4.6724,11.5865,1.7926,61.936,4.3185,4.9767,11.503,1.4128,36.271,36.302,1.0495,18.9592
2024-11-26,1.6191,1.9558,6.1005,1.4833,0.9314,7.6265,25.294,7.4585,0.8348,8.187,410.98,16707.0,3.8402,88.7,145.3,161.13,1468.29,21.559,4.6902,11.6815,1.796,62.04,4.3105,4.9771,11.523,1.4153,36.411,36.449,1.0522,19.0331
2024-11-27,1.6247,1.9558,6.1293,1.4807,0.9309,7.6347,25.267,7.4583,0.834,8.1949,412.08,16705.0,3.8504,88.89,144.7,159.65,1466.33,21.847,4.6784,11.69,1.7893,61.87,4.312,4.9768,11.529,1.4147,36.327,36.498,1.0531,19.1091
2024-11-28,1.6228,1.9558,6.2891,1.477,0.9314,7.6403,25.271,7.4577,0.8323,8.2046,412.83,16735.0,3.8453,89.05,145.1,159.89,1472.29,21.442,4.688,11.664,1.7912,61.872,4.31,4.9773,11.5375,1.4165,36.291,36.481,1.0542,19.136
2024-11-29,1.6245,1.9558,6.4361,1.4796,0.9309,7.6484,25.256,7.4579,0.83205,8.2211,411.75,16754.0,3.8411,89.32,145.7,158.64,1476.11,21.537,4.6948,11.6805,1.7873,61.939,4.296,4.9774,11.518,1.4159,36.217,36.639,1.0562,19.0777
2024-12-02,1.6211,1.9558,6.3323,1.4748,0.9316,7.6421,25.266,7.4583,0.82898,8.1753,414.95,16704.0,3.8205,89.0,145.9,157.74,1475.53,21.534,4.6851,11.659,1.7842,61.655,4.2905,4.977,11.527,1.4138,36.207,36.477,1.0507,19.1038
2024-12-03,1.622,1.9558,6.382,1.4753,0.9309,7.6589,25.224,7.4589,0.83123,8.1818,414.65,16749.0,3.8202,89.02,145.7,157.3,1474.9,21.391,4.6989,11.629,1.7873,61.584,4.2973,4.9769,11.5755,1.414,36.182,36.529,1.0512,19.0304
2024-12-04,1.6384,1.9558,6.3472,1.4755,0.9305,7.6285,25.196,7.4577,0.8283,8.167,414.39,16707.0,3.7891,88.93,145.3,158.59,1487.28,21.307,4.6716,11.6205,1.7987,61.113,4.2868,4.977,11.548,1.4135,36.04,36.467,1.0492,19.0679
2024-12-05,1.6377,1.9558,6.3219,1.4809,0.9305,7.6577,25.146,7.4579,0.828,8.2027,411.8,16711.0,3.7981,89.25,145.5,158.52,1494.61,21.386,4.6666,11.66,1.7985,60.946,4.2745,4.9774,11.5095,1.4133,35.973,36.598,1.054,19.0427
2024-12-06,1.6506,1.9558,6.3546,1.4882,0.9284,7.6852,25.11,7.4584,0.82855,8.2314,414.35,16743.0,3.8074,89.61,145.7,159.25,1502.23,21.36,4.6763,11.7445,1.8113,61.215,4.267,4.9774,11.523,1.4174,35.97,36.82,1.0581,19.1076
2024-12-09,1.638,1.9558,6.3852,1.4919,0.9295,7.677,25.093,7.4578,0.82805,8.2164,411.25,16780.0,3.7649,89.69,145.9,159.4,1513.49,21.304,4.6763,11.7435,1.803,61.297,4.2593,4.972,11.536,1.4157,35.656,36.792,1.0568,18.8315
2024-12-10,1.6452,1.9558,6.3811,1.4908,0.9267,7.6354,25.098,7.4578,0.82555,8.1858,411.15,16710.0,3.7661,89.35,145.9,159.74,1507.31,21.23,4.6614,11.7315,1.8083,61.05,4.2678,4.9713,11.5335,1.4118,35.55,36.684,1.0527,18.8204
2024-12-11,1.6525,1.9558,6.3431,1.4905,0.928,7.6318,25.117,7.4574,0.82458,8.1677,409.48,16740.0,3.7665,89.15,145.9,160.35,1502.88,21.232,4.6578,11.712,1.818,61.266,4.2643,4.9674,11.5165,1.4114,35.603,36.638,1.0507,18.6794
2024-12-12,1.6413,1.9558,6.1975,1.4865,0.9319,7.6272,25.065,7.4583,0.82428,8.1575,408.45,16748.0,3.745,89.04,145.9,159.6,1500.97,21.159,4.6549,11.654,1.8114,61.185,4.2758,4.9704,11.5,1.4108,35.512,36.59,1.0491,18.5627
2024-12-13,1.6488,1.9558,6.3481,1.4954,0.9385,7.651,25.019,7.457,0.83043,8.1777,408.9,16850.0,3.7775,89.19,145.9,161.45,1507.58,21.244,4.6805,11.6758,1.8218,61.641,4.2643,4.9732,11.515,1.417,35.903,36.758,1.0518,18.8131
2024-12-16,1.651,1.9558,6.3397,1.4959,0.9372,7.6463,25.036,7.4588,0.82945,8.1625,409.03,16820.0,3.7767,89.12,145.1,161.73,1509.15,21.164,4.6742,11.716,1.8189,61.706,4.264,4.9763,11.4541,1.4173,35.782,36.703,1.0498,18.7692
2024-12-17,1.6547,1.9558,6.4584,1.4995,0.9413,7.6464,25.064,7.459,0.82648,8.1571,409.45,16940.0,3.779,89.14,144.7,161.63,1508.13,21.137,4.6885,11.7635,1.8229,61.971,4.2635,4.9753,11.472,1.4181,35.926,36.73,1.0497,19.0296
2024-12-18,1.6602,1.9558,6.4544,1.5022,0.9382,7.6463,25.127,7.4606,0.8252,8.1563,410.88,16909.0,3.766,89.16,144.9,161.52,1509.48,21.139,4.6917,11.762,1.8303,61.855,4.2578,4.9752,11.4895,1.4177,35.933,36.756,1.0496,18.9602
2024-12-19,1.6631,1.9558,6.5335,1.493,0.9319,7.5858,25.127,7.4613,0.82445,8.0785,416.05,16958.0,3.7647,88.48,144.7,163.07,1505.3,21.134,4.6835,11.8143,1.8387,61.396,4.25,4.976,11.4625,1.4131,35.946,36.456,1.0395,19.035
2024-12-20,1.6674,1.9558,6.3173,1.4946,0.9297,7.5831,25.121,7.4614,0.82965,8.0755,414.18,16863.0,3.806,88.36,144.7,162.89,1502.7,21.019,4.6838,11.8685,1.8445,61.1,4.2623,4.9762,11.476,1.41,35.757,36.554,1.039,19.1104
2024-12-23,1.6667,1.9558,6.3916,1.4978,0.9336,7.5861,25.165,7.459,0.82995,8.0757,414.7,16818.0,3.7938,88.46,145.1,163.36,1510.56,21.007,4.6665,11.807,1.8429,60.899,4.2753,4.9763,11.484,1.4103,35.632,36.603,1.0393,19.2042
2024-12-24,1.6681,1.9558,6.4384,1.4988,0.9358,7.5843,25.135,7.4608,0.82805,8.0743,411.73,16843.0,3.8133,88.53,145.1,163.25,1515.98,20.949,4.6642,11.849,1.8429,60.787,4.2715,4.9745,11.5335,1.4129,35.489,36.647,1.0395,19.3293
2024-12-27,1.6777,1.9558,6.4586,1.5002,0.9396,7.6169,25.201,7.4602,0.83098,8.099,411.45,16923.0,3.8364,89.21,145.1,164.65,1537.65,21.145,4.666,11.8435,1.8508,60.683,4.2753,4.9769,11.4795,1.4174,35.495,36.746,1.0435,19.5259
2024-12-30,1.6756,1.9558,6.476,1.5035,0.9435,7.6234,25.226,7.46,0.8295,8.1065,411.53,16881.0,3.812,89.27,143.9,164.57,1539.13,21.285,4.6632,11.8455,1.847,60.411,4.2655,4.9765,11.4865,1.4166,35.64,36.891,1.0444,19.5691
2024-12-31,1.6772,1.9558,6.4253,1.4948,0.9412,7.5833,25.185,7.4578,0.82918,8.0686,411.35,16821.0,3.7885,88.93,143.9,163.06,1532.15,21.55,4.6454,11.795,1.8532,60.301,4.275,4.9743,11.459,1.4164,35.676,36.737,1.0389,19.6188
2025-01-02,1.6618,1.9558,6.42,1.4885,0.9371,7.5338,25.177,7.4583,0.83118,8.0261,412.9,16727.0,3.7676,88.51,143.9,162.04,1515.07,21.438,4.6223,11.7173,1.8402,59.769,4.2753,4.9743,11.4223,1.4091,35.355,36.452,1.0321,19.2719
2025-01-03,1.6556,1.9558,6.3478,1.4842,0.9362,7.5371,25.166,7.4599,0.82993,8.0122,414.93,16704.0,3.7614,88.33,144.1,161.77,1512.7,21.233,4.6346,11.713,1.8366,59.835,4.2725,4.9752,11.4395,1.4113,35.475,36.425,1.0299,19.2957
2025-01-06,1.6555,1.9558,6.3649,1.4914,0.9396,7.6284,25.154,7.4591,0.83098,8.1035,414.68,16835.0,3.7905,89.26,144.7,163.25,1518.24,21.196,4.7032,11.7095,1.8354,60.369,4.2518,4.9747,11.4645,1.4168,35.834,36.83,1.0426,19.2724
2025-01-07,1.6557,1.9558,6.3134,1.4878,0.9426,7.6142,25.137,7.4592,0.82915,8.0824,415.73,16795.0,3.7681,89.11,145.5,163.86,1507.35,21.139,4.6639,11.7385,1.8317,60.378,4.2583,4.9744,11.475,1.415,35.83,36.743,1.0393,19.3216
2025-01-08,1.66,1.9558,6.3075,1.4803,0.9379,7.5413,25.15,7.4608,0.83403,8.0018,416.25,16720.0,3.7798,88.35,145.1,162.94,1503.5,21.009,4.6313,11.738,1.8383,60.192,4.2765,4.9739,11.5125,1.4096,35.682,36.395,1.0286,19.4357
2025-01-09,1.663,1.9558,6.2991,1.4831,0.9397,7.5558,25.116,7.4609,0.83808,8.0189,413.98,16694.0,3.7713,88.47,144.9,162.56,1504.23,21.101,4.6403,11.7605,1.8417,60.281,4.2723,4.9734,11.4945,1.4102,35.645,36.421,1.0305,19.4534
2025-01-10,1.6655,1.9558,6.2397,1.4845,0.9416,7.5542,25.09,7.4606,0.83693,8.0224,413.68,16681.0,3.7889,88.63,145.3,162.86,1511.32,21.126,4.6332,11.757,1.8454,60.242,4.266,4.9735,11.497,1.4092,35.616,36.485,1.0304,19.6165
2025-01-13,1.6578,1.9558,6.2109,1.4699,0.9346,7.4771,25.23,7.4605,0.8416,7.9412,413.68,16641.0,3.7436,88.42,144.5,160.22,1497.52,21.18,4.5993,11.709,1.8358,59.851,4.2715,4.9731,11.5055,1.401,35.464,36.202,1.0198,19.5236
2025-01-14,1.6601,1.9558,6.2299,1.4744,0.9395,7.5108,25.294,7.4607,0.84288,7.9761,412.05,16709.0,3.7185,88.69,144.9,161.63,1496.39,21.134,4.6154,11.7195,1.8324,60.196,4.2683,4.9749,11.512,1.4036,35.612,36.363,1.0245,19.4143
2025-01-15,1.6616,1.9558,6.2377,1.4784,0.9394,7.5515,25.218,7.4611,0.84313,8.0201,410.63,16872.0,3.7299,89.01,144.7,161.75,1503.15,21.09,4.634,11.7035,1.8381,60.358,4.2613,4.9742,11.5015,1.4089,35.762,36.548,1.03,19.4319
2025-01-16,1.6574,1.9558,6.1984,1.4776,0.9376,7.5311,25.231,7.4609,0.84258,8.0007,412.35,16853.0,3.7232,88.94,145.1,160.46,1499.04,21.182,4.625,11.6965,1.8389,60.157,4.2688,4.9754,11.485,1.4061,35.592,36.407,1.0272,19.4048
2025-01-17,1.6646,1.9558,6.2518,1.4864,0.9394,7.5474,25.265,7.4608,0.84453,8.0194,412.65,16887.0,3.6971,89.2,145.1,160.23,1502.05,21.419,4.6403,11.759,1.8435,60.337,4.2585,4.9765,11.506,1.4083,35.492,36.627,1.0298,19.3288
2025-01-20,1.6627,1.9558,6.2688,1.4924,0.9429,7.5431,25.209,7.4611,0.84588,8.0301,413.15,16908.0,3.6994,89.27,145.5,161.36,1497.2,21.53,4.635,11.7665,1.8407,60.334,4.2568,4.9769,11.4945,1.4077,35.337,36.714,1.0316,19.3381
2025-01-21,1.6639,1.9558,6.2685,1.4963,0.9427,7.5443,25.178,7.4614,0.84553,8.0636,411.48,16922.0,3.7145,89.69,145.9,161.26,1493.41,21.488,4.6353,11.817,1.8406,60.621,4.2538,4.9768,11.475,1.4078,35.281,36.901,1.0357,19.2676
2025-01-22,1.6603,1.9558,6.2738,1.4972,0.9449,7.5892,25.139,7.4612,0.84466,8.1322,411.08,16929.0,3.6962,90.21,146.5,162.72,1496.01,21.471,4.633,11.7525,1.8387,61.003,4.23,4.9768,11.467,1.4126,35.334,37.231,1.0443,19.2877
2025-01-23,1.6594,1.9558,6.1921,1.4984,0.9442,7.5829,25.14,7.4606,0.84468,8.1045,409.7,16896.0,3.7117,89.93,145.9,162.58,1494.9,21.296,4.6235,11.7305,1.8377,61.063,4.211,4.9763,11.4685,1.4114,35.4,37.099,1.0404,19.3143
2025-01-24,1.66,1.9558,6.1866,1.5015,0.9494,7.5891,25.097,7.4614,0.84413,8.1559,408.85,16901.0,3.7585,90.33,146.3,163.9,1501.6,21.206,4.5841,11.7495,1.8364,61.145,4.2138,4.9761,11.459,1.4129,35.27,37.377,1.0472,19.252
2025-01-27,1.67,1.9558,6.2375,1.5096,0.9453,7.6306,25.102,7.4625,0.84106,8.1987,408.78,17007.0,3.8064,90.88,146.3,162.21,1507.97,21.588,4.6106,11.8095,1.8464,61.408,4.2193,4.975,11.496,1.4134,35.402,37.626,1.053,19.6537
2025-01-28,1.6698,1.9558,6.1535,1.5019,0.9441,7.5517,25.091,7.4626,0.83868,8.1189,408.13,16908.0,3.7725,90.2,146.1,161.86,1506.81,21.538,4.5779,11.7785,1.8439,60.9,4.2078,4.9749,11.478,1.4087,35.306,37.27,1.0421,19.4839
2025-01-29,1.671,1.9558,6.0791,1.5011,0.943,7.5385,25.122,7.4627,0.83723,8.0992,408.08,16883.0,3.7423,89.99,145.7,161.5,1504.02,21.295,4.567,11.7785,1.8426,60.723,4.2135,4.9753,11.4555,1.4051,35.107,37.193,1.0396,19.405
2025-01-30,1.6705,1.9558,6.1496,1.4997,0.9441,7.5436,25.121,7.4616,0.83685,8.105,407.25,16902.0,3.7277,90.1,146.1,160.32,1500.02,21.355,4.57,11.7615,1.8408,60.693,4.2063,4.9758,11.47,1.4048,35.053,37.223,1.0403,19.2738
2025-01-31,1.6702,1.9558,6.0677,1.5035,0.9449,7.5363,25.166,7.4618,0.83608,8.099,407.95,16941.0,3.7199,89.99,146.7,160.99,1506.62,21.477,4.6301,11.7373,1.8391,60.682,4.213,4.9767,11.474,1.4091,34.915,37.266,1.0393,19.3588
2025-02-03,1.6671,1.9558,6.0119,1.5051,0.9393,7.45,25.254,7.4618,0.83136,8.0072,408.43,16865.0,3.6992,89.45,146.0,158.87,1504.01,21.507,4.5976,11.7138,1.8424,60.158,4.2255,4.9769,11.481,1.4024,34.932,36.972,1.0274,19.3445
2025-02-04,1.6629,1.9558,6.0138,1.4894,0.9396,7.4943,25.172,7.461,0.83188,8.0489,407.15,16865.0,3.6961,90.01,146.8,160.52,1504.21,21.132,4.5929,11.721,1.8418,60.222,4.2193,4.9769,11.418,1.4015,34.937,37.155,1.0335,19.4072
2025-02-05,1.658,1.9558,6.0327,1.4876,0.9395,7.5797,25.136,7.4597,0.83085,8.1162,406.0,17004.0,3.7012,91.06,146.8,159.25,1507.59,21.478,4.6091,11.6693,1.8321,60.44,4.1968,4.9766,11.3583,1.4053,34.987,37.431,1.0422,19.3507
2025-02-06,1.6547,1.9558,6.0127,1.4865,0.9385,7.5511,25.139,7.4596,0.83688,8.0668,406.1,16944.0,3.6892,90.76,146.6,157.95,1502.98,21.371,4.5947,11.6585,1.8317,60.202,4.2065,4.9767,11.321,1.4027,35.053,37.187,1.036,19.2822
2025-02-07,1.6525,1.9558,5.9857,1.4883,0.9418,7.5634,25.108,7.46,0.83353,8.0828,405.55,16933.0,3.6872,90.81,146.6,157.77,1501.65,21.283,4.6074,11.625,1.8287,60.19,4.1985,4.9768,11.2865,1.4021,34.924,37.334,1.0377,19.1225
2025-02-10,1.6448,1.9558,5.9622,1.4798,0.9396,7.5395,25.073,7.4584,0.83283,8.04,403.88,16868.0,3.679,90.27,146.6,156.92,1496.81,21.238,4.613,11.5745,1.8257,60.011,4.1758,4.9769,11.2765,1.3972,34.993,37.148,1.032,19.0069
2025-02-11,1.6442,1.9558,5.9898,1.4789,0.9429,7.544,25.101,7.4582,0.83355,8.0452,403.9,16897.0,3.7088,89.55,146.6,157.28,1500.7,21.285,4.6148,11.5755,1.8284,60.05,4.1785,4.9769,11.2525,1.3995,35.22,37.22,1.0324,19.0894
2025-02-12,1.6525,1.9558,5.9812,1.483,0.9457,7.5794,25.075,7.4583,0.83338,8.0769,402.63,16954.0,3.7259,90.1,146.4,159.22,1505.97,21.316,4.6354,11.662,1.8391,60.291,4.1713,4.9767,11.2895,1.4031,35.367,37.432,1.037,19.1398
2025-02-13,1.6591,1.9558,6.0084,1.4844,0.9421,7.5817,25.057,7.4586,0.83313,8.0926,401.78,17025.0,3.7162,90.38,146.8,159.79,1507.52,21.438,4.6287,11.7145,1.8447,60.312,4.1688,4.9771,11.2815,1.4033,35.227,37.515,1.039,19.2471
2025-02-14,1.6514,1.9558,6.0127,1.4856,0.9442,7.6141,25.043,7.459,0.83215,8.1554,402.95,16980.0,3.7341,90.81,147.3,160.09,1509.5,21.315,4.647,11.6515,1.8352,60.487,4.1653,4.977,11.2445,1.4052,35.238,37.949,1.0478,19.2555
2025-02-17,1.6456,1.9558,5.9756,1.4861,0.944,7.6066,25.056,7.4597,0.83133,8.1481,401.73,16993.0,3.7239,90.99,146.9,158.67,1511.85,21.351,4.6437,11.6415,1.8263,60.757,4.1605,4.977,11.216,1.405,35.31,37.948,1.0473,19.3112
2025-02-18,1.6466,1.9558,5.9576,1.4844,0.9425,7.6056,25.098,7.4582,0.83025,8.1235,401.54,17068.0,3.7177,90.85,146.7,158.55,1506.32,21.192,4.6442,11.659,1.8338,60.846,4.166,4.9773,11.2115,1.4036,35.222,37.896,1.0447,19.2608
2025-02-19,1.6419,1.9558,5.9775,1.4821,0.9435,7.6017,25.101,7.4588,0.82838,8.1148,402.13,17081.0,3.6976,90.64,146.3,158.41,1504.72,21.195,4.6343,11.629,1.8252,60.651,4.174,4.9774,11.214,1.4008,35.157,37.875,1.0434,19.3298
2025-02-20,1.6382,1.9558,5.9526,1.4841,0.9423,7.5807,25.073,7.459,0.82823,8.1211,402.08,17012.0,3.6986,90.43,145.7,156.6,1500.62,21.262,4.6262,11.609,1.8227,60.462,4.1605,4.9778,11.166,1.3966,35.099,37.923,1.0443,19.248
2025-02-21,1.6394,1.9558,5.9751,1.4856,0.942,7.5933,25.082,7.4588,0.8276,8.1327,404.6,17078.0,3.7211,90.66,145.7,157.46,1500.16,21.271,4.624,11.629,1.8186,60.64,4.1683,4.9773,11.1425,1.3994,35.183,38.102,1.0465,19.245
2025-02-24,1.6434,1.9558,5.9857,1.4876,0.9415,7.5879,25.062,7.4603,0.8283,8.1356,401.69,17045.0,3.7334,90.77,145.1,156.81,1494.52,21.37,4.616,11.6355,1.8213,60.581,4.1445,4.9772,11.153,1.4002,35.066,38.094,1.0466,19.2037
2025-02-25,1.6538,1.9558,6.0839,1.4969,0.9386,7.6219,24.939,7.4595,0.82908,8.1609,401.2,17161.0,3.7569,91.52,145.7,157.19,1505.11,21.494,4.6449,11.6638,1.8337,60.832,4.1393,4.9774,11.1455,1.4047,35.38,38.274,1.0497,19.2862
2025-02-26,1.6622,1.9558,6.0329,1.5054,0.9392,7.6125,24.948,7.4584,0.82868,8.1516,400.3,17172.0,3.7475,91.35,145.3,156.7,1504.35,21.468,4.6447,11.6895,1.8419,60.733,4.144,4.9773,11.143,1.4035,35.388,38.213,1.0487,19.2857
2025-02-27,1.6638,1.9558,6.0825,1.504,0.9407,7.6127,24.987,7.4584,0.82673,8.1446,399.43,17238.0,3.7184,91.31,145.5,156.73,1511.87,21.35,4.6565,11.7015,1.8434,60.632,4.1308,4.9763,11.159,1.4049,35.522,38.168,1.0477,19.2947
2025-02-28,1.6741,1.9558,6.0712,1.5019,0.9394,7.5782,25.029,7.4583,0.82608,8.098,399.5,17228.0,3.7457,90.97,145.7,156.96,1519.92,21.219,4.6459,11.7245,1.8579,60.355,4.1503,4.9768,11.188,1.4037,35.567,38.019,1.0411,19.1917
2025-03-03,1.6811,1.9558,6.159,1.5104,0.9428,7.6282,25.097,7.4583,0.8253,8.1386,400.43,17216.0,3.7616,91.35,145.7,158.33,1526.42,21.425,4.6737,11.695,1.8669,60.436,4.1708,4.9773,11.15,1.4106,35.691,38.149,1.0465,19.5068
2025-03-04,1.6919,1.9558,6.2132,1.5224,0.9371,7.6614,25.025,7.4589,0.82788,8.2056,398.93,17328.0,3.8177,91.99,146.3,156.5,1537.13,21.942,4.7153,11.808,1.872,60.797,4.1593,4.9769,11.0995,1.4151,35.582,38.484,1.0557,19.5569
2025-03-05,1.703,1.9558,6.2938,1.5398,0.9514,7.7675,25.048,7.4589,0.835,8.3106,398.85,17497.0,3.875,93.09,146.5,160.09,1551.65,22.009,4.7369,11.82,1.8832,61.383,4.15,4.9758,11.0125,1.4301,36.012,38.962,1.0694,19.7222
2025-03-06,1.7037,1.9558,6.2088,1.5509,0.9565,7.8247,25.047,7.4593,0.8379,8.3922,400.68,17671.0,3.9023,94.01,146.9,159.24,1563.53,22.027,4.7799,11.716,1.881,61.924,4.177,4.9754,10.962,1.4387,36.399,39.323,1.0796,19.7579
2025-03-07,1.7258,1.9558,6.2617,1.5566,0.9557,7.8561,25.016,7.4589,0.84088,8.4357,399.28,17664.0,3.934,94.44,147.3,160.35,1570.47,22.049,4.7934,11.759,1.9012,62.129,4.1788,4.9757,10.9715,1.4448,36.518,39.579,1.0857,19.7306
2025-03-10,1.7158,1.9558,6.2887,1.5642,0.9512,7.8718,24.957,7.4584,0.83849,8.4241,399.45,17739.0,3.9415,94.69,146.9,159.39,1578.91,21.908,4.7973,11.6705,1.8917,62.261,4.196,4.9765,10.9695,1.4436,36.651,39.643,1.0845,19.7829
2025-03-11,1.7357,1.9558,6.3688,1.5731,0.9608,7.8929,24.963,7.4587,0.84374,8.4784,401.78,17937.0,3.98,95.15,146.9,161.52,1586.56,22.214,4.8155,11.634,1.913,62.518,4.2003,4.9771,10.9815,1.4535,36.855,39.927,1.0912,19.9287
2025-03-12,1.7297,1.9558,6.3587,1.5684,0.9619,7.8848,25.013,7.4591,0.84078,8.4579,399.78,17929.0,3.9606,94.93,146.5,162.23,1580.65,22.036,4.823,11.6085,1.9056,62.449,4.1955,4.9774,10.9765,1.4527,36.855,39.853,1.0886,20.025
2025-03-13,1.7264,1.9558,6.3032,1.5591,0.9579,7.8493,25.093,7.4605,0.83778,8.4175,400.28,17799.0,3.9622,94.27,146.1,160.64,1577.63,21.832,4.8064,11.5975,1.9045,62.238,4.1965,4.9775,11.07,1.4484,36.665,39.646,1.083,19.9578
2025-03-14,1.7237,1.9558,6.2683,1.5691,0.9641,7.8822,25.014,7.4601,0.84183,8.4635,399.48,17812.0,4.0019,94.67,145.9,161.88,1582.87,21.757,4.8418,11.62,1.8985,62.372,4.1723,4.9768,11.0538,1.4536,36.658,39.938,1.0889,19.7832
2025-03-17,1.716,1.9558,6.2238,1.5625,0.9616,7.8869,25.035,7.4607,0.84026,8.4719,399.28,17858.0,3.9773,94.63,146.1,162.26,1579.07,21.685,4.8464,11.5283,1.8813,62.479,4.1863,4.9775,11.0225,1.4522,36.661,39.978,1.0903,19.7797
2025-03-18,1.7147,1.9558,6.2091,1.5599,0.9601,7.8907,25.038,7.4598,0.84173,8.4833,397.33,18028.0,3.9844,94.5,145.7,163.5,1586.67,21.899,4.8531,11.528,1.8777,62.541,4.175,4.9774,10.997,1.4544,36.646,40.02,1.0918,19.7084
2025-03-19,1.7208,1.9558,6.1929,1.5606,0.9583,7.8786,24.994,7.4592,0.84078,8.4674,398.23,18008.0,4.001,94.06,145.5,163.27,1589.71,21.726,4.8339,11.505,1.8832,62.351,4.1885,4.9773,11.0025,1.4526,36.641,41.4,1.0897,19.745
2025-03-20,1.7242,1.9558,6.1272,1.5592,0.9564,7.8481,25.013,7.4594,0.8369,8.4189,399.68,17885.0,3.9828,93.55,144.3,160.85,1591.96,21.899,4.7947,11.5025,1.8896,62.008,4.2003,4.9769,11.0295,1.4476,36.621,41.164,1.0833,19.7062
2025-03-21,1.724,1.9558,6.1911,1.5551,0.9547,7.8477,24.981,7.4596,0.83765,8.4166,399.08,17877.0,4.0199,93.14,144.3,160.99,1585.51,21.934,4.7866,11.401,1.8821,62.004,4.2023,4.977,10.933,1.4452,36.655,41.153,1.0827,19.6831
2025-03-24,1.7223,1.9558,6.2314,1.552,0.9544,7.8513,24.97,7.4591,0.83663,8.4141,398.08,17924.0,4.0041,92.62,144.7,162.15,1588.2,21.832,4.7994,11.3795,1.8908,62.067,4.176,4.9756,10.957,1.448,36.666,41.131,1.0824,19.6168
2025-03-25,1.7123,1.9558,6.2051,1.5459,0.9539,7.8571,24.884,7.4599,0.83565,8.416,398.0,17932.0,3.9657,92.77,144.1,162.32,1587.16,21.654,4.802,11.309,1.8834,62.276,4.1635,4.9756,10.7975,1.4459,36.637,41.108,1.0825,19.6632
2025-03-26,1.7077,1.9558,6.177,1.5387,0.9532,7.8381,24.934,7.4605,0.83623,8.3886,400.83,17922.0,3.957,92.4,143.3,162.2,1580.86,21.65,4.7785,11.3585,1.8749,62.26,4.1755,4.9763,10.8395,1.4439,36.652,41.004,1.0788,19.6974
2025-03-27,1.7101,1.9558,6.2154,1.5425,0.9524,7.8361,24.982,7.4605,0.83318,8.3867,400.98,17887.0,3.9595,92.46,142.3,162.55,1580.16,21.888,4.7794,11.3435,1.8778,61.911,4.1968,4.9773,10.8235,1.445,36.529,40.994,1.0785,19.7061
2025-03-28,1.712,1.9558,6.2252,1.5444,0.9525,7.8445,24.96,7.4616,0.83358,8.3988,403.13,17910.0,3.984,92.35,142.5,162.64,1585.65,21.968,4.7912,11.294,1.8845,61.947,4.1775,4.9774,10.82,1.4481,36.664,41.039,1.0797,19.6113
2025-03-31,1.7318,1.9558,6.2507,1.5533,0.9531,7.8442,24.962,7.4613,0.83536,8.413,402.35,17993.0,4.0256,92.4,142.7,161.6,1594.71,22.063,4.7992,11.413,1.9035,61.919,4.184,4.9771,10.849,1.4519,36.706,41.04,1.0815,19.8782
2025-04-01,1.7255,1.9558,6.1679,1.5529,0.952,7.8431,24.954,7.4616,0.83665,8.3943,402.63,18062.0,3.9973,92.38,143.7,160.93,1588.43,22.138,4.7872,11.318,1.9001,61.794,4.1863,4.9774,10.816,1.4492,36.846,40.92,1.0788,19.7741
2025-04-02,1.7146,1.9558,6.1212,1.5479,0.9543,7.8529,24.963,7.4611,0.83455,8.4067,400.95,18058.0,3.9977,92.36,143.7,161.22,1579.27,21.995,4.8117,11.2745,1.8821,61.806,4.1775,4.9775,10.764,1.4508,36.93,40.957,1.0803,20.104
2025-04-03,1.7448,1.9558,6.2411,1.5636,0.9538,8.0919,24.972,7.4613,0.84163,8.6311,401.58,18548.0,4.0919,94.63,144.7,162.17,1615.11,22.223,4.9293,11.4235,1.9047,63.295,4.196,4.9774,10.7205,1.4804,38.046,42.097,1.1097,20.952
2025-04-04,1.8098,1.9558,6.3407,1.5696,0.9407,8.0518,25.142,7.4618,0.84985,8.5933,405.7,18751.0,4.1244,94.43,144.7,160.56,1601.11,22.539,4.906,11.6815,1.9613,63.294,4.2625,4.9773,10.974,1.4804,37.793,42.03,1.1057,21.079
2025-04-07,1.8174,1.9558,6.4415,1.5657,0.9377,8.0155,25.195,7.4638,0.85588,8.5198,407.95,18591.0,4.1504,94.06,145.1,160.58,1606.51,22.677,4.9132,11.9545,1.9651,62.94,4.294,4.9774,11.078,1.4767,37.847,41.687,1.0967,21.274
2025-04-08,1.8073,1.9558,6.4211,1.5512,0.9349,8.0359,25.139,7.4648,0.85644,8.5059,407.0,18523.0,4.1168,94.41,145.1,160.65,1618.79,22.478,4.9176,11.9505,1.9534,62.776,4.269,4.9772,10.9775,1.4766,37.986,41.622,1.095,21.18
2025-04-09,1.8391,1.9558,6.6875,1.5671,0.9278,8.1179,25.168,7.469,0.86435,8.5645,408.93,18715.0,4.2116,95.73,145.1,159.61,1631.05,23.16,4.9658,12.1195,1.9878,63.441,4.2953,4.9777,11.0715,1.4883,38.111,41.982,1.1045,21.776
2025-04-10,1.7905,1.9558,6.4887,1.5607,0.9299,8.1137,25.11,7.4653,0.85755,8.6004,406.75,18656.0,4.1901,95.48,144.7,161.28,1612.93,22.644,4.9514,11.9815,1.9428,63.551,4.2543,4.9776,11.019,1.481,37.756,42.013,1.1082,21.527
2025-04-11,1.8201,1.9558,6.6159,1.5736,0.9252,8.2819,25.147,7.4675,0.86678,8.799,408.9,19124.0,4.2217,97.68,145.3,162.07,1624.38,23.123,5.0178,12.1005,1.9576,64.746,4.2953,4.9777,11.1198,1.4992,38.072,43.181,1.1346,21.879
2025-04-14,1.8034,1.9558,6.6488,1.5786,0.9329,8.3196,25.108,7.4675,0.86383,8.8221,410.45,19125.0,4.191,97.83,144.9,162.97,1617.29,22.972,5.0229,12.0205,1.943,64.868,4.286,4.9775,11.0065,1.4971,38.176,43.293,1.1377,21.533
2025-04-15,1.7794,1.9558,6.6207,1.5711,0.9242,8.2835,25.064,7.4641,0.8557,8.8238,407.73,19085.0,4.1797,97.26,145.53,161.85,1615.76,22.722,5.0034,11.9726,1.9104,64.537,4.2844,4.9778,11.0611,1.4915,38.026,43.183,1.1324,21.454
2025-04-16,1.7816,1.9558,6.6671,1.5807,0.926,8.2961,24.995,7.4672,0.85618,8.8124,407.73,19075.0,4.1824,97.26,145.3,162.09,1610.21,22.724,5.0081,12.0725,1.92,64.421,4.2933,4.9778,11.155,1.4926,37.716,43.29,1.1355,21.405
2025-04-17,1.7845,1.9558,6.681,1.5773,0.9291,8.29,25.009,7.4672,0.85873,8.8195,407.6,19162.0,4.1852,97.02,145.1,161.98,1609.12,22.625,5.0069,11.9655,1.9118,64.387,4.2743,4.9776,11.0278,1.4905,37.8,43.26,1.136,21.393
2025-04-22,1.7945,1.9558,6.6516,1.5891,0.9318,8.3929,25.081,7.4656,0.85858,8.9027,409.38,19328.0,4.2682,97.78,144.9,161.05,1635.54,22.559,5.0397,11.8885,1.9141,64.963,4.28,4.9773,10.9153,1.5011,38.14,43.907,1.1476,21.372
2025-04-23,1.7814,1.9558,6.5127,1.5789,0.9382,8.3199,25.015,7.4658,0.85793,8.8567,409.03,19264.0,4.1849,97.48,144.9,161.68,1623.36,22.325,5.0123,11.891,1.9063,64.56,4.2915,4.9772,10.9395,1.4961,38.086,43.708,1.1415,21.233
2025-04-24,1.7823,1.9558,6.4678,1.5769,0.9392,8.2925,24.977,7.4655,0.855,8.826,407.3,19171.0,4.1477,97.08,144.9,162.16,1632.79,22.286,4.9747,11.8285,1.9026,64.222,4.2748,4.9769,10.911,1.4924,38.041,43.584,1.1376,21.284
2025-04-25,1.7797,1.9558,6.4566,1.5754,0.9421,8.2773,24.929,7.4656,0.8531,8.8089,406.53,19141.0,4.1124,97.02,144.9,162.8,1634.83,22.287,4.9676,11.8415,1.9063,63.918,4.2683,4.9776,11.0015,1.493,38.091,43.629,1.1357,21.361
2025-04-28,1.7759,1.9558,6.4691,1.5744,0.942,8.2891,24.969,7.4644,0.8514,8.8105,404.48,19095.0,4.1255,96.57,145.5,162.8,1640.53,22.171,4.9555,11.8615,1.9094,64.013,4.2755,4.9779,10.997,1.4923,38.152,43.665,1.1358,21.158
2025-04-29,1.7754,1.9558,6.4326,1.5746,0.9392,8.2715,24.922,7.4636,0.8498,8.8237,404.04,19059.0,4.1189,96.82,146.1,162.28,1632.79,22.295,4.9217,11.8045,1.9106,63.802,4.2708,4.9777,10.962,1.4894,38.031,43.716,1.1373,21.094
2025-04-30,1.7798,1.9558,6.3839,1.5728,0.9389,8.2635,24.92,7.4636,0.8518,8.8214,404.08,18902.0,4.1231,96.14,145.9,162.68,1618.39,22.202,4.9074,11.809,1.9219,63.538,4.2753,4.9782,10.9715,1.4859,38.009,43.757,1.1373,21.11
2025-05-02,1.762,1.9558,6.4264,1.5675,0.9343,8.2479,24.922,7.4619,0.8533,8.7908,404.03,18652.0,4.0901,95.62,146.3,163.93,1585.45,22.332,4.8338,11.7585,1.9078,63.009,4.275,4.9782,10.9375,1.4694,37.472,43.748,1.1343,20.846
2025-05-05,1.7492,1.9558,6.4019,1.566,0.9336,8.2479,24.905,7.4622,0.8515,8.7909,404.43,18641.0,4.0988,95.62,146.7,163.19,1555.49,22.218,4.7641,11.7885,1.8948,63.114,4.2733,4.9785,10.9355,1.4619,37.33,43.766,1.1343,20.768
2025-05-06,1.7522,1.9558,6.4538,1.5629,0.9346,8.1735,24.96,7.4613,0.8469,8.7769,405.15,18593.0,4.0984,95.56,146.7,161.64,1564.07,22.326,4.7933,11.7015,1.8925,63.034,4.2748,5.088,10.88,1.46,36.959,43.716,1.1325,20.685
2025-05-07,1.7553,1.9558,6.4763,1.5673,0.9359,8.2079,24.924,7.4615,0.8511,8.8139,404.08,18763.0,4.0717,96.29,146.3,162.89,1580.35,22.301,4.8155,11.6715,1.8979,62.889,4.2753,5.109,10.903,1.467,37.147,43.899,1.136,20.776
2025-05-08,1.7605,1.9558,6.4915,1.5694,0.9325,8.1764,24.924,7.4603,0.8476,8.7796,405.43,18642.0,4.0428,96.59,146.5,163.45,1580.13,22.111,4.8362,11.688,1.9065,62.902,4.27,5.1188,10.903,1.4645,37.071,43.644,1.1297,20.504
2025-05-09,1.7572,1.9558,6.3647,1.5658,0.9353,8.147,24.946,7.4604,0.8477,8.7519,404.9,18607.0,3.9928,96.08,146.9,163.36,1575.72,21.947,4.835,11.6725,1.9095,62.413,4.2393,5.1181,10.92,1.46,37.132,43.6,1.1252,20.484
2025-05-12,1.7384,1.9558,6.3002,1.5531,0.9369,7.9999,24.98,7.4593,0.8429,8.6534,406.13,18502.0,3.9413,94.24,146.5,164.46,1576.03,21.702,4.7722,11.596,1.8902,61.885,4.2403,5.1021,10.8845,1.4507,37.188,43.06,1.1106,20.337
2025-05-13,1.7341,1.9558,6.295,1.5552,0.9358,8.0021,24.948,7.4595,0.8406,8.6621,404.83,18513.0,3.9748,94.83,146.7,164.61,1582.85,21.753,4.8032,11.5733,1.8858,62.016,4.2518,5.103,10.8255,1.4501,36.942,43.09,1.1112,20.427
2025-05-14,1.734,1.9558,6.2927,1.5632,0.939,8.0794,24.928,7.4592,0.8415,8.7519,404.2,18543.0,3.9816,95.76,145.1,164.01,1567.22,21.728,4.8108,11.5715,1.8869,62.64,4.2425,5.1043,10.854,1.4563,37.315,43.455,1.1214,20.464
2025-05-15,1.7457,1.9558,6.2954,1.5645,0.9377,8.0661,24.922,7.4601,0.8424,8.7325,403.38,18484.0,3.9607,95.65,144.7,163.3,1563.75,21.636,4.7905,11.65,1.9037,62.433,4.2423,5.1051,10.8875,1.4528,37.263,43.279,1.1185,20.221
2025-05-16,1.7458,1.9558,6.365,1.564,0.9381,8.0659,24.936,7.4602,0.8427,8.7478,403.05,18428.0,3.9758,95.82,145.9,163.05,1563.17,21.817,4.8095,11.635,1.8987,62.362,4.26,5.1041,10.9327,1.4539,37.377,43.472,1.1194,20.267
2025-05-19,1.7471,1.9558,6.3853,1.5707,0.9394,8.1225,24.907,7.4608,0.8419,8.8062,402.35,18532.0,3.9995,96.22,145.9,163.26,1564.04,21.914,4.8325,11.5955,1.9048,62.727,4.2688,5.0413,10.9015,1.4577,37.227,43.745,1.1262,20.325
2025-05-20,1.7538,1.9558,6.3444,1.5683,0.9366,8.1154,24.92,7.4595,0.8418,8.7968,402.65,18462.0,3.967,96.18,145.9,162.59,1567.69,21.673,4.8325,11.5955,1.9035,62.674,4.2488,5.0733,10.8835,1.4568,37.163,43.671,1.1241,20.207
2025-05-21,1.7569,1.9558,6.419,1.5721,0.9352,8.155,24.867,7.4592,0.8446,8.8655,402.05,18487.0,4.022,96.87,144.6,162.76,1556.99,21.859,4.8341,11.484,1.9067,62.988,4.242,5.0709,10.8445,1.4603,37.122,43.953,1.1321,20.281
2025-05-22,1.7608,1.9558,6.4025,1.568,0.9343,8.1477,24.942,7.4602,0.8427,8.8496,403.73,18473.0,4.0656,97.23,144.6,162.19,1562.67,21.946,4.8346,11.5155,1.9147,62.948,4.246,5.0581,10.8485,1.4601,37.105,44.006,1.1309,20.386
2025-05-23,1.7569,1.9558,6.4721,1.563,0.9299,8.1197,24.915,7.4594,0.8382,8.8508,403.55,18383.0,4.0931,96.55,145.0,161.13,1555.77,21.854,4.7815,11.522,1.9012,62.531,4.2603,5.0517,10.8348,1.4555,36.779,44.108,1.1301,20.325
2025-05-26,1.7488,1.9558,6.429,1.5614,0.9356,8.1795,24.864,7.4591,0.8392,8.9184,403.63,18497.0,4.0635,96.84,144.6,162.63,1558.61,21.843,4.8016,11.484,1.8926,63.089,4.2445,5.0624,10.8335,1.461,37.091,44.274,1.1381,20.313
2025-05-27,1.7624,1.9558,6.4331,1.5642,0.9386,8.1709,24.907,7.4591,0.8381,8.9009,404.28,18490.0,4.0193,96.98,144.0,163.72,1560.6,21.864,4.8138,11.506,1.9078,63.067,4.2475,5.0608,10.8785,1.4623,37.225,44.287,1.1356,20.344
2025-05-28,1.758,1.9558,6.3982,1.5649,0.9364,8.1402,24.922,7.4588,0.8398,8.8704,402.93,18469.0,4.0039,96.64,144.0,163.43,1554.23,21.836,4.7814,11.4945,1.8974,62.805,4.2415,5.0511,10.8735,1.4587,36.967,44.214,1.1317,20.271
2025-05-29,1.7513,1.9558,6.4136,1.5594,0.9339,8.1093,24.923,7.4593,0.8377,8.8426,404.33,18386.0,3.9571,96.42,144.2,163.47,1550.97,21.886,4.7877,11.488,1.8901,62.838,4.236,5.0599,10.8695,1.4547,36.895,44.125,1.1281,20.138
2025-05-30,1.7647,1.9558,6.4405,1.5656,0.9341,8.1576,24.918,7.4587,0.8412,8.8926,403.6,18520.0,3.9761,97.02,144.2,162.96,1563.09,21.877,4.8264,11.5408,1.9017,63.209,4.2498,5.0612,10.8735,1.4633,37.243,44.495,1.1339,20.294
2025-06-02,1.7606,1.9558,6.5015,1.5643,0.9336,8.2214,24.899,7.4606,0.8434,8.9576,402.83,18584.0,4.0134,97.5,144.4,162.98,1572.2,22.007,4.8605,11.51,1.8972,63.553,4.2578,5.0547,10.8535,1.4686,37.163,44.75,1.1419,20.473
2025-06-03,1.764,1.9558,6.4638,1.5643,0.9358,8.1841,24.896,7.4608,0.8436,8.9315,403.63,18581.0,4.0119,97.49,144.6,163.0,1567.6,21.908,4.8334,11.533,1.8997,63.402,4.2798,5.0588,10.9245,1.4674,37.118,44.554,1.1386,20.391
2025-06-04,1.7552,1.9558,6.4002,1.5601,0.937,8.1835,24.808,7.4599,0.8421,8.9327,403.45,18572.0,3.9882,97.78,144.6,164.15,1555.42,21.865,4.8348,11.5185,1.8926,63.499,4.283,5.053,10.9475,1.4678,37.243,44.534,1.1384,20.318
2025-06-05,1.755,1.9558,6.4325,1.5603,0.9365,8.2008,24.812,7.4595,0.8419,8.9635,403.65,18569.0,3.9835,98.04,144.4,163.66,1550.55,21.957,4.8319,11.5265,1.8889,63.515,4.284,5.0505,10.943,1.4676,37.142,44.933,1.1423,20.276
2025-06-06,1.7592,1.9558,6.3685,1.563,0.9383,8.1955,24.757,7.4595,0.8426,8.954,403.15,18616.0,3.9885,97.84,144.2,164.62,1551.09,21.822,4.8274,11.524,1.8936,63.631,4.287,5.0452,10.959,1.4683,37.211,44.772,1.1411,20.274
2025-06-09,1.7514,1.9558,6.3404,1.5615,0.9369,8.1943,24.793,7.4603,0.8424,8.9547,401.7,18586.0,3.9761,97.74,144.0,164.88,1547.7,21.751,4.8287,11.509,1.8874,63.688,4.27,5.0405,10.97,1.4676,37.316,44.758,1.141,20.241
2025-06-10,1.7529,1.9558,6.3549,1.5647,0.9389,8.2115,24.771,7.4596,0.8464,8.97,400.9,18589.0,3.9973,97.81,143.8,165.23,1561.83,21.757,4.8408,11.5073,1.8883,63.819,4.2533,5.0353,10.946,1.4695,37.304,44.833,1.1429,20.198
2025-06-11,1.7578,1.9558,6.3772,1.5647,0.9405,8.2172,24.784,7.4591,0.8476,8.974,400.38,18615.0,4.0022,97.8,143.6,166.17,1572.7,21.731,4.8447,11.566,1.8973,63.865,4.2605,5.0273,10.9845,1.4714,37.369,44.806,1.1433,20.308
2025-06-12,1.7799,1.9558,6.4188,1.5807,0.9427,8.3201,24.787,7.4595,0.8538,9.1004,400.75,18807.0,4.1282,99.17,143.8,166.64,1569.57,21.908,4.8938,11.574,1.916,64.609,4.269,5.028,10.9355,1.4828,37.565,45.595,1.1594,20.649
2025-06-13,1.7777,1.9558,6.4007,1.569,0.9359,8.2682,24.831,7.4586,0.8505,9.0362,403.43,18784.0,4.1422,99.11,144.2,165.94,1577.42,21.881,4.8874,11.4435,1.9167,64.706,4.2745,5.033,10.9635,1.4777,37.351,45.397,1.1512,20.736
2025-06-16,1.7732,1.9558,6.4033,1.5701,0.9393,8.3102,24.782,7.4581,0.8523,9.0853,401.53,18851.0,4.0759,99.58,143.8,166.89,1573.46,21.886,4.908,11.467,1.9113,65.215,4.2643,5.025,10.9615,1.4816,37.598,45.597,1.1574,20.58
2025-06-17,1.7693,1.9558,6.347,1.5688,0.9406,8.3091,24.8,7.4585,0.8525,9.0805,402.83,18852.0,4.0509,99.78,143.6,167.35,1579.42,21.896,4.9112,11.4175,1.904,65.143,4.2778,5.028,10.948,1.4817,37.613,45.561,1.1568,20.611
2025-06-18,1.7703,1.9558,6.3065,1.5714,0.9403,8.2723,24.805,7.4585,0.8552,9.0337,403.38,18828.0,4.0233,99.46,143.6,166.67,1583.1,21.808,4.8915,11.4435,1.9096,65.855,4.2733,5.0302,11.027,1.4787,37.545,45.502,1.1508,20.802
2025-06-19,1.7744,1.9558,6.3032,1.5735,0.9389,8.2496,24.82,7.4593,0.8541,9.0101,403.38,18805.0,3.9975,99.56,143.0,167.2,1584.1,21.894,4.8896,11.5315,1.9192,65.862,4.2773,5.0304,11.067,1.4787,37.631,45.405,1.1478,20.763
2025-06-20,1.7754,1.9558,6.3145,1.5793,0.9415,8.2643,24.83,7.4597,0.8537,9.0391,402.6,18889.0,4.0025,99.74,143.0,167.67,1573.8,21.924,4.8968,11.598,1.9229,65.831,4.2656,5.0303,11.125,1.4797,37.758,45.69,1.1515,20.715
2025-06-23,1.7963,1.9558,6.3581,1.5818,0.9387,8.2442,24.862,7.4595,0.8567,9.0055,404.23,18931.0,3.9861,99.54,143.0,169.27,1592.49,22.086,4.9272,11.6635,1.9454,66.095,4.2755,5.0451,11.1635,1.4829,37.812,45.578,1.1472,20.773
2025-06-24,1.7834,1.9558,6.3613,1.5915,0.9387,8.3262,24.794,7.4597,0.8527,9.1114,402.13,18947.0,3.9456,99.85,142.2,168.27,1578.75,22.097,4.926,11.713,1.9244,66.288,4.2538,5.0487,11.063,1.4855,37.926,46.009,1.1607,20.584
2025-06-25,1.7854,1.9558,6.417,1.5928,0.9361,8.321,24.78,7.4604,0.8526,9.1044,401.18,18914.0,3.9497,99.86,142.2,169.07,1581.45,22.036,4.9158,11.782,1.9272,65.794,4.2478,5.0582,11.06,1.4853,37.85,46.088,1.1598,20.639
2025-06-26,1.7906,1.9558,6.497,1.6008,0.9379,8.3862,24.785,7.4604,0.8535,9.1803,399.9,18990.0,3.9665,100.28,142.2,168.92,1587.13,22.07,4.9458,11.8125,1.9332,66.189,4.2468,5.0718,11.091,1.4918,38.02,46.516,1.1695,20.817
2025-06-27,1.7912,1.9558,6.4119,1.5977,0.9359,8.3939,24.748,7.4613,0.8529,9.1876,398.81,18976.0,3.9567,100.08,142.0,169.24,1592.7,22.076,4.9496,11.792,1.9318,66.196,4.2378,5.0816,11.1183,1.4933,38.184,46.682,1.1704,20.836
2025-06-30,1.7948,1.9558,6.4384,1.6027,0.9347,8.397,24.746,7.4609,0.8555,9.2001,399.8,19021.0,3.9492,100.56,142.2,169.17,1588.21,22.09,4.9365,11.8345,1.9334,66.161,4.2423,5.0785,11.1465,1.4941,38.125,46.568,1.172,20.841
2025-07-01,1.7935,1.9558,6.4115,1.6076,0.9324,8.4584,24.68,7.4607,0.8588,9.2709,399.18,19136.0,3.9813,101.05,142.2,168.7,1598.18,22.064,4.9572,11.8445,1.9324,66.525,4.2443,5.0738,11.159,1.5009,38.241,47.068,1.181,20.767
2025-07-02,1.7934,1.9558,6.4355,1.6041,0.933,8.4275,24.663,7.4611,0.8605,9.2274,399.0,19089.0,3.9667,100.7,143.0,169.45,1598.57,22.036,4.9712,11.878,1.9402,66.262,4.2493,5.0641,11.2005,1.4982,38.133,46.746,1.1755,20.757
2025-07-03,1.7928,1.9558,6.3992,1.601,0.9351,8.4377,24.646,7.4615,0.8629,9.2488,399.58,19111.0,3.9562,100.59,142.4,169.58,1604.8,22.14,4.9755,11.875,1.942,66.374,4.2485,5.0604,11.2515,1.5003,38.162,46.961,1.1782,20.65
2025-07-04,1.7948,1.9558,6.3733,1.5995,0.9346,8.4285,24.655,7.4617,0.8625,9.2367,398.48,19056.0,3.9425,100.5,142.4,169.92,1604.3,21.934,4.9669,11.847,1.9413,66.542,4.2458,5.0579,11.2505,1.4992,38.054,46.894,1.1767,20.736
2025-07-07,1.8043,1.9558,6.3827,1.6016,0.9354,8.4128,24.625,7.4604,0.8611,9.2062,399.7,19060.0,3.912,100.78,142.4,170.71,1603.56,21.971,4.9668,11.8755,1.9552,66.449,4.2493,5.0655,11.1645,1.4998,38.216,46.912,1.1728,20.819
2025-07-08,1.7925,1.9558,6.4029,1.6006,0.9351,8.4066,24.648,7.4609,0.8632,9.1986,399.45,19068.0,3.931,100.39,142.6,171.7,1605.91,21.855,4.9696,11.8295,1.9499,66.197,4.2438,5.0688,11.1695,1.4991,38.125,46.899,1.1718,20.84
2025-07-09,1.7938,1.9558,6.3894,1.603,0.9325,8.3993,24.629,7.4612,0.8613,9.1829,400.15,19023.0,3.8953,100.27,143.6,171.63,1610.58,21.754,4.9722,11.83,1.9544,66.177,4.2395,5.0772,11.1645,1.4989,38.282,46.849,1.1698,20.869
2025-07-10,1.7873,1.9558,6.569,1.6028,0.932,8.401,24.639,7.4611,0.8627,9.1915,398.93,19012.0,3.8715,100.42,143.0,171.33,1607.94,21.842,4.9734,11.803,1.9476,66.196,4.2475,5.0775,11.152,1.4989,38.189,46.857,1.1709,20.81
2025-07-11,1.7777,1.9558,6.5021,1.6007,0.931,8.3741,24.667,7.4615,0.8657,9.1711,400.03,18946.0,3.8958,100.27,142.6,171.81,1606.41,21.89,4.9682,11.8305,1.9447,65.993,4.2575,5.0786,11.148,1.4961,37.923,46.936,1.1683,20.984
2025-07-14,1.7806,1.9558,6.5013,1.5984,0.9307,8.3785,24.648,7.4629,0.8667,9.1766,400.1,19025.0,3.9301,100.54,142.4,172.27,1613.98,21.84,4.9712,11.803,1.9517,66.25,4.2585,5.0793,11.205,1.4973,37.905,47.02,1.169,20.889
2025-07-15,1.7785,1.9558,6.5327,1.5973,0.9299,8.3673,24.67,7.4636,0.8679,9.157,400.48,18971.0,3.9036,100.16,142.4,172.58,1611.01,21.819,4.9483,11.8715,1.9474,66.135,4.255,5.0789,11.27,1.4955,37.882,46.911,1.1665,20.778
2025-07-16,1.7794,1.9558,6.4549,1.5924,0.9326,8.3309,24.647,7.4633,0.8659,9.1075,399.9,18907.0,3.8961,99.77,142.2,172.56,1614.05,21.825,4.925,11.946,1.9527,66.243,4.2593,5.073,11.3195,1.491,37.753,46.707,1.1602,20.782
2025-07-17,1.7923,1.9558,6.4624,1.5937,0.9323,8.3157,24.639,7.4628,0.8644,9.0883,399.15,18931.0,3.8901,99.67,141.8,172.28,1614.66,21.778,4.917,11.9675,1.9587,66.312,4.2544,5.0734,11.311,1.4904,37.678,46.645,1.1579,20.725
2025-07-18,1.7852,1.9558,6.4699,1.5984,0.9324,8.3623,24.623,7.4636,0.8656,9.1439,399.06,18996.0,3.9119,100.35,142.0,172.94,1619.52,21.809,4.9425,11.8335,1.9493,66.431,4.2493,5.0728,11.2505,1.4943,37.688,46.987,1.165,20.635
2025-07-21,1.7883,1.9558,6.5189,1.599,0.9325,8.3726,24.618,7.4647,0.8656,9.1582,398.95,19034.0,3.9136,100.67,142.4,172.02,1614.64,21.778,4.9416,11.866,1.9536,66.68,4.2425,5.0697,11.212,1.4945,37.702,47.086,1.1667,20.667
2025-07-22,1.7944,1.9558,6.5193,1.5993,0.9326,8.394,24.619,7.465,0.8675,9.1837,399.2,19088.0,3.92,101.11,142.4,172.17,1621.6,21.826,4.9504,11.8845,1.9629,66.638,4.2565,5.0699,11.211,1.4991,37.712,47.294,1.1699,20.564
2025-07-23,1.7776,1.9558,6.5298,1.5928,0.9306,8.3961,24.616,7.4643,0.8665,9.2049,399.13,19108.0,3.9094,101.34,142.2,171.53,1612.26,21.879,4.9572,11.8415,1.9409,66.598,4.2545,5.069,11.164,1.4977,37.705,47.437,1.1726,20.592
2025-07-24,1.7771,1.9558,6.4923,1.6009,0.9341,8.4142,24.553,7.4643,0.8675,9.2283,397.95,19155.0,3.9256,101.56,142.0,172.22,1610.08,21.821,4.9557,11.8765,1.9427,66.61,4.2553,5.071,11.185,1.5011,37.937,47.585,1.1756,20.687
2025-07-25,1.7852,1.9558,6.4757,1.6035,0.9343,8.4046,24.539,7.4644,0.8715,9.2027,396.9,19154.0,3.9346,101.42,142.2,173.11,1619.4,21.765,4.9493,11.8995,1.9496,66.972,4.2543,5.0707,11.1665,1.502,37.951,47.545,1.1724,20.791
